set,horizon,A,B,scheme,block,point,lo95,lo90,hi90,hi95,p_sign,n
common7,5,pc2_logistic,ou_seqcal,mbb,5.0,0.03723256111450681,-0.09384591554549347,-0.07330669707520848,0.14135159626913926,0.16826155083288633,0.62,2910
common7,5,pc2_logistic,ou_seqcal,mbb,10.0,0.03723256111450681,-0.10538056995789725,-0.08428744265675829,0.16942708062045758,0.1950215552974755,0.748,2910
common7,5,pc2_logistic,ou_seqcal,mbb,20.0,0.03723256111450681,-0.10390038389984144,-0.08696992663290921,0.17365052202113157,0.20559050021818565,0.676,2910
common7,5,pc2_logistic,ou_seqcal,mbb,40.0,0.03723256111450681,-0.08896335306730319,-0.06744597353389276,0.16947987486853314,0.1934072419138374,0.664,2910
common7,5,pc2_logistic,ou_seqcal,mbb,60.0,0.03723256111450681,-0.09330902518870188,-0.07210395257347112,0.1468063027428797,0.17398433589087878,0.56,2910
common7,5,pc2_logistic,ou_seqcal,stationary,10.0,0.03723256111450681,-0.08583709366212033,-0.07204743764195554,0.15452571264832496,0.1815177986991619,0.608,2910
common7,5,pc2_logistic,ou_seqcal,stationary,20.0,0.03723256111450681,-0.0883912369823605,-0.07087612250511742,0.1544595621838921,0.1678990287208942,0.6,2910
common7,5,pc2_logistic,ou_seqcal,stationary,40.0,0.03723256111450681,-0.08638070877060598,-0.07067037378049372,0.13462841929464223,0.15604577899041408,0.692,2910
common7,5,pc2_logistic,ou_seqcal,episode_segments,,0.03723256111450681,-0.13898214356664246,-0.11080933434265212,0.15935889229904626,0.18837980466342427,0.612,2910
common7,5,pc2_gbt,ou_seqcal,mbb,5.0,0.10644791424778369,0.01100492788956068,0.021681664794405614,0.17967433953845174,0.19278043942163875,0.024,2910
common7,5,pc2_gbt,ou_seqcal,mbb,10.0,0.10644791424778369,-0.01445049254158914,0.0069708391530897895,0.20111570717659277,0.20852010075431648,0.088,2910
common7,5,pc2_gbt,ou_seqcal,mbb,20.0,0.10644791424778369,-0.006667423154175522,0.0032255169332722523,0.19200067761914918,0.20901244415098605,0.076,2910
common7,5,pc2_gbt,ou_seqcal,mbb,40.0,0.10644791424778369,-0.012207580409076211,0.004154442518017211,0.20589355055861266,0.21930889480689977,0.088,2910
common7,5,pc2_gbt,ou_seqcal,mbb,60.0,0.10644791424778369,-0.0109481266834076,-0.002110861823806736,0.19230995057927425,0.20216432409847696,0.116,2910
common7,5,pc2_gbt,ou_seqcal,stationary,10.0,0.10644791424778369,-0.00021848215700556836,0.01519370072146672,0.1872756059085353,0.2067802117541593,0.052,2910
common7,5,pc2_gbt,ou_seqcal,stationary,20.0,0.10644791424778369,0.010945235587528265,0.029014258572545883,0.1973543102967923,0.21689005428506392,0.028,2910
common7,5,pc2_gbt,ou_seqcal,stationary,40.0,0.10644791424778369,0.0004097059021846057,0.011643336396935822,0.17520543290416934,0.19428320091309698,0.052,2910
common7,5,pc2_gbt,ou_seqcal,episode_segments,,0.10644791424778369,-0.019575820116984343,-0.0018959556293156616,0.1989234862715669,0.2129380557311894,0.108,2910
common7,5,raw_logistic,ou_seqcal,mbb,5.0,0.0329894189570776,-0.0777450002809896,-0.05864860697425814,0.13525934094859116,0.16539354410841983,0.616,2910
common7,5,raw_logistic,ou_seqcal,mbb,10.0,0.0329894189570776,-0.07765539559218082,-0.06576574715986884,0.17059925011114835,0.1965141915145357,0.564,2910
common7,5,raw_logistic,ou_seqcal,mbb,20.0,0.0329894189570776,-0.08787649296226598,-0.07222277316265721,0.19272453146911872,0.20890301209275108,0.656,2910
common7,5,raw_logistic,ou_seqcal,mbb,40.0,0.0329894189570776,-0.08466865922625372,-0.06661102425021097,0.18204928949015697,0.20660471854650284,0.616,2910
common7,5,raw_logistic,ou_seqcal,mbb,60.0,0.0329894189570776,-0.08938631275044362,-0.07763510646206347,0.15815529489366195,0.17334108930173858,0.588,2910
common7,5,raw_logistic,ou_seqcal,stationary,10.0,0.0329894189570776,-0.08237967475526821,-0.07169953364990908,0.15993392812765966,0.18860916618909218,0.66,2910
common7,5,raw_logistic,ou_seqcal,stationary,20.0,0.0329894189570776,-0.08988162375637138,-0.07793118855439006,0.14549958345726352,0.17408295635967422,0.732,2910
common7,5,raw_logistic,ou_seqcal,stationary,40.0,0.0329894189570776,-0.0877046534941224,-0.07761390378767541,0.14292290361507173,0.17126893856502867,0.66,2910
common7,5,raw_logistic,ou_seqcal,episode_segments,,0.0329894189570776,-0.08764214755833087,-0.07165495008090071,0.15110340780771095,0.17148578750478938,0.552,2910
common7,20,pc2_logistic,ou_seqcal,mbb,5.0,0.11317513880455127,0.04858930327386052,0.05975581273073796,0.1739354264817932,0.18758942566545933,0.0,2906
common7,20,pc2_logistic,ou_seqcal,mbb,10.0,0.11317513880455127,0.039295704968314894,0.05063343679882515,0.1799926447090733,0.20329868583490768,0.0,2906
common7,20,pc2_logistic,ou_seqcal,mbb,20.0,0.11317513880455127,0.0363799448024709,0.04809430102318889,0.19516626968685974,0.21210814120498042,0.0,2906
common7,20,pc2_logistic,ou_seqcal,mbb,40.0,0.11317513880455127,0.027217539835764686,0.037671727604616026,0.20107882747006153,0.2219634101312375,0.004,2906
common7,20,pc2_logistic,ou_seqcal,mbb,60.0,0.11317513880455127,0.031482549104155884,0.043848398158480996,0.21503153777489045,0.22589814402739167,0.004,2906
common7,20,pc2_logistic,ou_seqcal,stationary,10.0,0.11317513880455127,0.049033736658946135,0.05513480301149607,0.1798142816618574,0.19013100540615022,0.0,2906
common7,20,pc2_logistic,ou_seqcal,stationary,20.0,0.11317513880455127,0.035326558403570484,0.0430081276265231,0.18655236926321075,0.20712800100400286,0.0,2906
common7,20,pc2_logistic,ou_seqcal,stationary,40.0,0.11317513880455127,0.03474729485907931,0.0430354792849153,0.19722000271036694,0.215744014500108,0.004,2906
common7,20,pc2_logistic,ou_seqcal,episode_segments,,0.11317513880455127,0.031349925742793515,0.044970542485118996,0.19141291349215336,0.20590841108726135,0.008,2906
common7,20,pc2_gbt,ou_seqcal,mbb,5.0,0.09806665919876094,0.027584316397171925,0.04025591851063517,0.14608692905372656,0.15846779868527122,0.0,2906
common7,20,pc2_gbt,ou_seqcal,mbb,10.0,0.09806665919876094,0.006077075042948109,0.01970015515158238,0.1518865612423462,0.16382798996094297,0.044,2906
common7,20,pc2_gbt,ou_seqcal,mbb,20.0,0.09806665919876094,0.00273998117161511,0.01328984684822238,0.15942162336080742,0.17652450748338008,0.048,2906
common7,20,pc2_gbt,ou_seqcal,mbb,40.0,0.09806665919876094,-0.025394779445095456,-0.0012989485441910645,0.1695734065884428,0.1796045213456572,0.108,2906
common7,20,pc2_gbt,ou_seqcal,mbb,60.0,0.09806665919876094,-0.025769450991040967,-0.0026338217195295576,0.164054410062325,0.17474407474589623,0.104,2906
common7,20,pc2_gbt,ou_seqcal,stationary,10.0,0.09806665919876094,0.01845814084817339,0.030873310219448846,0.17077758992038003,0.1836598507771724,0.016,2906
common7,20,pc2_gbt,ou_seqcal,stationary,20.0,0.09806665919876094,0.006029069238261912,0.020892112654509718,0.1693150740708185,0.17894155106129855,0.04,2906
common7,20,pc2_gbt,ou_seqcal,stationary,40.0,0.09806665919876094,-0.0032056641249317824,0.009677428293467601,0.1650805220576167,0.1768438569678573,0.06,2906
common7,20,pc2_gbt,ou_seqcal,episode_segments,,0.09806665919876094,-0.01000102419896332,0.0055531142533277915,0.17206130413572693,0.1882360700884278,0.084,2906
common7,20,raw_logistic,ou_seqcal,mbb,5.0,0.0929876065933717,0.03865058605116433,0.047364770853476804,0.1384915173340522,0.15083861198066156,0.0,2906
common7,20,raw_logistic,ou_seqcal,mbb,10.0,0.0929876065933717,0.03256166495906045,0.03949037844601074,0.14622738041030509,0.15915793224576144,0.0,2906
common7,20,raw_logistic,ou_seqcal,mbb,20.0,0.0929876065933717,0.035129709038080915,0.04152070190956113,0.15307041826168,0.16885659896330416,0.004,2906
common7,20,raw_logistic,ou_seqcal,mbb,40.0,0.0929876065933717,0.023383362888772578,0.03347588108531531,0.15187482002550923,0.1667518332008912,0.012,2906
common7,20,raw_logistic,ou_seqcal,mbb,60.0,0.0929876065933717,0.01774409845115658,0.0287199386117295,0.1534579249061678,0.16228429640969472,0.016,2906
common7,20,raw_logistic,ou_seqcal,stationary,10.0,0.0929876065933717,0.03532076313254519,0.040124476208677914,0.1467451605352974,0.16153772898051383,0.0,2906
common7,20,raw_logistic,ou_seqcal,stationary,20.0,0.0929876065933717,0.029656319447361766,0.039858050545279126,0.1444062986944781,0.15389403699627097,0.004,2906
common7,20,raw_logistic,ou_seqcal,stationary,40.0,0.0929876065933717,0.02868485260757674,0.035599172124091125,0.15281688854641629,0.16424148905320815,0.0,2906
common7,20,raw_logistic,ou_seqcal,episode_segments,,0.0929876065933717,0.021111037622924364,0.037312869427758945,0.16326813198399973,0.17449345316830464,0.016,2906
full11,5,pc2_logistic,ou_seqcal,mbb,5.0,-0.015676947302142582,-0.0800871571552083,-0.07116766163410553,0.057746911662557895,0.07142419230894204,0.812,2910
full11,5,pc2_logistic,ou_seqcal,mbb,10.0,-0.015676947302142582,-0.09423070933544844,-0.0832187883708083,0.060178853434273205,0.07354878211858966,0.872,2910
full11,5,pc2_logistic,ou_seqcal,mbb,20.0,-0.015676947302142582,-0.08398663571211584,-0.0742493980841588,0.0865858955231118,0.09499259892949322,0.88,2910
full11,5,pc2_logistic,ou_seqcal,mbb,40.0,-0.015676947302142582,-0.09440063168467773,-0.07555269217665846,0.0765115735623402,0.09824864761079688,0.88,2910
full11,5,pc2_logistic,ou_seqcal,mbb,60.0,-0.015676947302142582,-0.07176479632646006,-0.06177190742035539,0.0861487041351407,0.11229365519953735,0.96,2910
full11,5,pc2_logistic,ou_seqcal,stationary,10.0,-0.015676947302142582,-0.09361569713659995,-0.08364956491696761,0.04652214365402444,0.05960287730108783,0.668,2910
full11,5,pc2_logistic,ou_seqcal,stationary,20.0,-0.015676947302142582,-0.0937596981951912,-0.0789525806759965,0.057672583767192066,0.07022173956017892,0.736,2910
full11,5,pc2_logistic,ou_seqcal,stationary,40.0,-0.015676947302142582,-0.09145992851455538,-0.0789381803668232,0.052898152170354124,0.07009096455727247,0.712,2910
full11,5,pc2_logistic,ou_seqcal,episode_segments,,-0.015676947302142582,-0.0938884093626948,-0.0819003641871695,0.06239915273100562,0.08217940049440929,0.768,2910
full11,5,pc2_gbt,ou_seqcal,mbb,5.0,0.051560024029712534,-0.0078015935664675065,-0.0007077316515241931,0.11023583155275891,0.12743271347198415,0.112,2910
full11,5,pc2_gbt,ou_seqcal,mbb,10.0,0.051560024029712534,-0.025190483020380242,-0.01283961337054795,0.1156616673545328,0.1284341204968965,0.18,2910
full11,5,pc2_gbt,ou_seqcal,mbb,20.0,0.051560024029712534,-0.017754486534282604,-0.005076485460197207,0.1199220744922011,0.1315638977341508,0.164,2910
full11,5,pc2_gbt,ou_seqcal,mbb,40.0,0.051560024029712534,-0.021237140025554994,-0.01064141185168035,0.11332121482898248,0.12502405654859852,0.152,2910
full11,5,pc2_gbt,ou_seqcal,mbb,60.0,0.051560024029712534,0.0029944351884395506,0.011496153604923783,0.1156564311443954,0.1279094450673053,0.04,2910
full11,5,pc2_gbt,ou_seqcal,stationary,10.0,0.051560024029712534,-0.015507863127639774,-0.0038502006394909184,0.10322096457220532,0.11772245998806635,0.136,2910
full11,5,pc2_gbt,ou_seqcal,stationary,20.0,0.051560024029712534,-0.016845753992995986,-0.004378467000047723,0.1126925482517727,0.12229856428183618,0.128,2910
full11,5,pc2_gbt,ou_seqcal,stationary,40.0,0.051560024029712534,-0.004105735740787379,0.006536531847995268,0.098831520890729,0.11239542860960414,0.072,2910
full11,5,pc2_gbt,ou_seqcal,episode_segments,,0.051560024029712534,-0.030308205582495272,-0.020081272775470175,0.12993870131195207,0.13940464005483963,0.252,2910
full11,5,raw_logistic,ou_seqcal,mbb,5.0,-0.040215856712965625,-0.2328280837374916,-0.20375843157238846,0.08007589386299074,0.11254534419189775,0.572,2910
full11,5,raw_logistic,ou_seqcal,mbb,10.0,-0.040215856712965625,-0.283099459386466,-0.22615653401543565,0.12003261372943379,0.1435936291009483,0.656,2910
full11,5,raw_logistic,ou_seqcal,mbb,20.0,-0.040215856712965625,-0.2693686648835347,-0.24041475891294764,0.11026290946873687,0.13091599388231714,0.644,2910
full11,5,raw_logistic,ou_seqcal,mbb,40.0,-0.040215856712965625,-0.22422255742099026,-0.17868643850984553,0.07782425835105668,0.11236585100553921,0.572,2910
full11,5,raw_logistic,ou_seqcal,mbb,60.0,-0.040215856712965625,-0.21298069056414137,-0.17939186539854332,0.07733700380851023,0.10256325068716815,0.46,2910
full11,5,raw_logistic,ou_seqcal,stationary,10.0,-0.040215856712965625,-0.2392164993992285,-0.1984168581605516,0.09403586699918053,0.11450770606424174,0.68,2910
full11,5,raw_logistic,ou_seqcal,stationary,20.0,-0.040215856712965625,-0.23851788522164735,-0.15907504783215468,0.07414323083527091,0.09742290729159057,0.588,2910
full11,5,raw_logistic,ou_seqcal,stationary,40.0,-0.040215856712965625,-0.1761619311411903,-0.1508569124641353,0.06068458935655985,0.08308129747865034,0.444,2910
full11,5,raw_logistic,ou_seqcal,episode_segments,,-0.040215856712965625,-0.3650760442870378,-0.32306914491758304,0.1405533147568755,0.17494949174471677,0.776,2910
full11,20,pc2_logistic,ou_seqcal,mbb,5.0,0.09851955009424254,0.05594448908368636,0.061580801982739394,0.15226584884847272,0.15961775767587238,0.0,2906
full11,20,pc2_logistic,ou_seqcal,mbb,10.0,0.09851955009424254,0.032812435805588,0.04478834574562996,0.17259222282772155,0.19167419688060705,0.0,2906
full11,20,pc2_logistic,ou_seqcal,mbb,20.0,0.09851955009424254,0.020491468803756043,0.030150648695351827,0.19851365071309535,0.21548028854083587,0.012,2906
full11,20,pc2_logistic,ou_seqcal,mbb,40.0,0.09851955009424254,0.01598173645070434,0.03193987465986985,0.2161196521499461,0.24583759199918684,0.02,2906
full11,20,pc2_logistic,ou_seqcal,mbb,60.0,0.09851955009424254,0.023787729290920955,0.031547584830495794,0.24054115999760708,0.2906683838202804,0.012,2906
full11,20,pc2_logistic,ou_seqcal,stationary,10.0,0.09851955009424254,0.03127318846366659,0.04233953544399189,0.17590771516654657,0.19092020636273313,0.0,2906
full11,20,pc2_logistic,ou_seqcal,stationary,20.0,0.09851955009424254,0.024754924556840325,0.03348392777921164,0.20804643734653483,0.23933346360965135,0.012,2906
full11,20,pc2_logistic,ou_seqcal,stationary,40.0,0.09851955009424254,0.02387190211734392,0.0311261829847379,0.20669420208673647,0.23031920262321284,0.012,2906
full11,20,pc2_logistic,ou_seqcal,episode_segments,,0.09851955009424254,-0.016223884160649456,-0.003380312808845965,0.28928091412514867,0.3434597608415097,0.136,2906
full11,20,pc2_gbt,ou_seqcal,mbb,5.0,0.10210212680084112,0.03520920098111862,0.04406087898485901,0.16501524426756345,0.17892239918391073,0.0,2906
full11,20,pc2_gbt,ou_seqcal,mbb,10.0,0.10210212680084112,0.006587053693971586,0.021369366365855614,0.17325135075192513,0.19400232808632437,0.028,2906
full11,20,pc2_gbt,ou_seqcal,mbb,20.0,0.10210212680084112,0.0037451645883604546,0.0195843209113894,0.1934114186105571,0.2179449249674225,0.044,2906
full11,20,pc2_gbt,ou_seqcal,mbb,40.0,0.10210212680084112,0.011754493979649065,0.023864803369803757,0.20553349289613654,0.23373303330390777,0.036,2906
full11,20,pc2_gbt,ou_seqcal,mbb,60.0,0.10210212680084112,0.013263629046185936,0.0249870505347551,0.2204855907151216,0.25361034891097983,0.012,2906
full11,20,pc2_gbt,ou_seqcal,stationary,10.0,0.10210212680084112,0.011870364122432793,0.02740383243247377,0.1829376302913304,0.2079832663620782,0.028,2906
full11,20,pc2_gbt,ou_seqcal,stationary,20.0,0.10210212680084112,0.012516756067130068,0.023193840903412366,0.20640533314718873,0.22862206837822224,0.016,2906
full11,20,pc2_gbt,ou_seqcal,stationary,40.0,0.10210212680084112,0.01673356941116414,0.03345009166597071,0.22387766553880137,0.295455850827329,0.02,2906
full11,20,pc2_gbt,ou_seqcal,episode_segments,,0.10210212680084112,-0.046923102767644304,-0.031190121107659122,0.28065877287935787,0.3100801778607311,0.224,2906
full11,20,raw_logistic,ou_seqcal,mbb,5.0,0.04656418920302017,0.013588122131902525,0.01819111639055866,0.08310756716747277,0.09055769413910697,0.004,2906
full11,20,raw_logistic,ou_seqcal,mbb,10.0,0.04656418920302017,-0.0008515793422185981,0.005848340960804033,0.09424127904901416,0.10240197754325622,0.056,2906
full11,20,raw_logistic,ou_seqcal,mbb,20.0,0.04656418920302017,-0.01854274981575195,-0.009284095205107906,0.11248781964653073,0.12432780456409333,0.196,2906
full11,20,raw_logistic,ou_seqcal,mbb,40.0,0.04656418920302017,-0.027791340853412085,-0.016401139809898293,0.14515573519934002,0.16842164579870442,0.212,2906
full11,20,raw_logistic,ou_seqcal,mbb,60.0,0.04656418920302017,-0.033632181413914025,-0.022828626835974412,0.1652161141260949,0.19922961671058986,0.28,2906
full11,20,raw_logistic,ou_seqcal,stationary,10.0,0.04656418920302017,-0.003947737624581845,0.0031203155969358265,0.10661876996254652,0.12424491003065533,0.08,2906
full11,20,raw_logistic,ou_seqcal,stationary,20.0,0.04656418920302017,-0.0155644359901078,-0.008385177611308189,0.12203059781038084,0.14112108681575367,0.168,2906
full11,20,raw_logistic,ou_seqcal,stationary,40.0,0.04656418920302017,-0.02578686399373059,-0.01744082528343508,0.14198395289005228,0.16784201572653468,0.308,2906
full11,20,raw_logistic,ou_seqcal,episode_segments,,0.04656418920302017,-0.06452943958855449,-0.056749407349008574,0.18500308425033585,0.21394795868656855,0.668,2906
no_option9,5,pc2_logistic,ou_seqcal,mbb,5.0,0.027186679803795855,-0.06305877750090824,-0.05286459085063507,0.10526355765237896,0.12791582812418978,0.652,2910
no_option9,5,pc2_logistic,ou_seqcal,mbb,10.0,0.027186679803795855,-0.08232582533674328,-0.06532347184572801,0.13021313462489148,0.1533807680380675,0.62,2910
no_option9,5,pc2_logistic,ou_seqcal,mbb,20.0,0.027186679803795855,-0.08334743278577166,-0.06829539057857274,0.14849348383412364,0.17888486969719322,0.64,2910
no_option9,5,pc2_logistic,ou_seqcal,mbb,40.0,0.027186679803795855,-0.095354333377725,-0.06893374428452864,0.13398072742483377,0.15522178480847582,0.624,2910
no_option9,5,pc2_logistic,ou_seqcal,mbb,60.0,0.027186679803795855,-0.08714524581743426,-0.06878404923041988,0.1163969706926427,0.1292646353373193,0.596,2910
no_option9,5,pc2_logistic,ou_seqcal,stationary,10.0,0.027186679803795855,-0.07700961282753906,-0.05917867469181049,0.11534914165514693,0.14753238711912758,0.672,2910
no_option9,5,pc2_logistic,ou_seqcal,stationary,20.0,0.027186679803795855,-0.07432004431842139,-0.06603428685439118,0.12017569820266327,0.13810721828135977,0.684,2910
no_option9,5,pc2_logistic,ou_seqcal,stationary,40.0,0.027186679803795855,-0.07063765809200989,-0.05936012297820503,0.1101643797493314,0.1240516573905794,0.692,2910
no_option9,5,pc2_logistic,ou_seqcal,episode_segments,,0.027186679803795855,-0.07146188534384204,-0.06179195234152385,0.1077523284684326,0.12573591272979914,0.66,2910
no_option9,5,pc2_gbt,ou_seqcal,mbb,5.0,0.01934960371987979,-0.042550652038345065,-0.0326124894655052,0.07118180152892085,0.09254135532463606,0.576,2910
no_option9,5,pc2_gbt,ou_seqcal,mbb,10.0,0.01934960371987979,-0.04695513039702846,-0.03685308015222951,0.07106747884151979,0.08146018785147226,0.564,2910
no_option9,5,pc2_gbt,ou_seqcal,mbb,20.0,0.01934960371987979,-0.0496775132604339,-0.03580989543047561,0.07466407263557012,0.08218628477815168,0.556,2910
no_option9,5,pc2_gbt,ou_seqcal,mbb,40.0,0.01934960371987979,-0.04439235896177205,-0.034007458797468075,0.06632477909597402,0.07394018523324561,0.52,2910
no_option9,5,pc2_gbt,ou_seqcal,mbb,60.0,0.01934960371987979,-0.02486994448198345,-0.01988543759608007,0.06050900338891989,0.07145228196482863,0.336,2910
no_option9,5,pc2_gbt,ou_seqcal,stationary,10.0,0.01934960371987979,-0.036673507791218814,-0.028229887946411267,0.06272167279871356,0.07123292212402726,0.54,2910
no_option9,5,pc2_gbt,ou_seqcal,stationary,20.0,0.01934960371987979,-0.0367459147177206,-0.02714701023714313,0.06732621359175736,0.07731546578737394,0.484,2910
no_option9,5,pc2_gbt,ou_seqcal,stationary,40.0,0.01934960371987979,-0.02755600219672703,-0.01935978001538195,0.056613661334351285,0.0656707921632198,0.356,2910
no_option9,5,pc2_gbt,ou_seqcal,episode_segments,,0.01934960371987979,-0.03303364062694925,-0.02385229633885907,0.06254045385454496,0.07272786718221165,0.472,2910
no_option9,5,raw_logistic,ou_seqcal,mbb,5.0,-0.0022808675372218237,-0.10468063018983423,-0.08562737537035311,0.10359575907883445,0.12166509342885218,0.896,2910
no_option9,5,raw_logistic,ou_seqcal,mbb,10.0,-0.0022808675372218237,-0.12537539557897315,-0.110420966758981,0.1231691393769573,0.1632671848472989,0.98,2910
no_option9,5,raw_logistic,ou_seqcal,mbb,20.0,-0.0022808675372218237,-0.13471566358511214,-0.1171957706517582,0.151011737214783,0.17564722861235255,0.996,2910
no_option9,5,raw_logistic,ou_seqcal,mbb,40.0,-0.0022808675372218237,-0.13087887746108423,-0.1153904634541865,0.12846623865005463,0.16290500788849066,0.968,2910
no_option9,5,raw_logistic,ou_seqcal,mbb,60.0,-0.0022808675372218237,-0.1548344007916429,-0.1306698846030856,0.10963808138469394,0.14075141458397106,0.968,2910
no_option9,5,raw_logistic,ou_seqcal,stationary,10.0,-0.0022808675372218237,-0.12863971786208248,-0.11062869463528266,0.11867294072981487,0.13639578853888149,0.856,2910
no_option9,5,raw_logistic,ou_seqcal,stationary,20.0,-0.0022808675372218237,-0.13335470024977822,-0.11367398227815573,0.09854015830850406,0.13219973936242443,0.864,2910
no_option9,5,raw_logistic,ou_seqcal,stationary,40.0,-0.0022808675372218237,-0.13359954955323758,-0.11529328785525418,0.09670692455691426,0.11398330577895813,0.876,2910
no_option9,5,raw_logistic,ou_seqcal,episode_segments,,-0.0022808675372218237,-0.15857540040299511,-0.14221985950920818,0.10760068272285159,0.12936015018586886,0.868,2910
no_option9,20,pc2_logistic,ou_seqcal,mbb,5.0,0.07746997733308798,0.028296593139897887,0.036919314346523326,0.12243554863539638,0.13180795756211935,0.004,2906
no_option9,20,pc2_logistic,ou_seqcal,mbb,10.0,0.07746997733308798,0.019373484628921488,0.02891719923621947,0.14127773847306396,0.1587333330433932,0.016,2906
no_option9,20,pc2_logistic,ou_seqcal,mbb,20.0,0.07746997733308798,0.012259729211908422,0.023288306740320727,0.1534908709943401,0.1690909211011052,0.028,2906
no_option9,20,pc2_logistic,ou_seqcal,mbb,40.0,0.07746997733308798,0.013787896630647653,0.02908305092049986,0.15263468050593465,0.16252498451534664,0.02,2906
no_option9,20,pc2_logistic,ou_seqcal,mbb,60.0,0.07746997733308798,0.02134421880014186,0.032631143887202306,0.15780136117619245,0.17728325601233164,0.0,2906
no_option9,20,pc2_logistic,ou_seqcal,stationary,10.0,0.07746997733308798,0.014632732989150313,0.02328417886467965,0.14301746992271167,0.15161297453605033,0.016,2906
no_option9,20,pc2_logistic,ou_seqcal,stationary,20.0,0.07746997733308798,0.019145341658143303,0.026181292743791152,0.1459694445223478,0.15989085230632033,0.012,2906
no_option9,20,pc2_logistic,ou_seqcal,stationary,40.0,0.07746997733308798,0.0223800698742018,0.029246275220047194,0.14370093779444373,0.15868404405551068,0.004,2906
no_option9,20,pc2_logistic,ou_seqcal,episode_segments,,0.07746997733308798,-0.002479884961251986,0.007395088642503938,0.1691978419218225,0.18608898626172948,0.072,2906
no_option9,20,pc2_gbt,ou_seqcal,mbb,5.0,0.0571364829577724,0.0063686153902792406,0.011928617894711445,0.09590598625334458,0.10515213680212876,0.024,2906
no_option9,20,pc2_gbt,ou_seqcal,mbb,10.0,0.0571364829577724,-0.012307459503970074,-0.0028008687744380993,0.10012480685738659,0.10765173288173471,0.128,2906
no_option9,20,pc2_gbt,ou_seqcal,mbb,20.0,0.0571364829577724,-0.019782440519315714,-0.005817140135014567,0.10730630779828443,0.11683470905952759,0.128,2906
no_option9,20,pc2_gbt,ou_seqcal,mbb,40.0,0.0571364829577724,-0.0263363072681258,-0.013508567206372786,0.10934378216089014,0.11585435476574421,0.2,2906
no_option9,20,pc2_gbt,ou_seqcal,mbb,60.0,0.0571364829577724,-0.009959371661746319,-0.0002795164092625434,0.10792089481271729,0.11862872221469685,0.104,2906
no_option9,20,pc2_gbt,ou_seqcal,stationary,10.0,0.0571364829577724,-0.004764503862048833,0.00676378751167041,0.10786451197425823,0.11944974001122026,0.076,2906
no_option9,20,pc2_gbt,ou_seqcal,stationary,20.0,0.0571364829577724,-0.011749499900947221,0.000810415815678763,0.11913836761168144,0.13538064200082933,0.096,2906
no_option9,20,pc2_gbt,ou_seqcal,stationary,40.0,0.0571364829577724,-0.0016524517426805669,0.008485189773317556,0.11771307990744664,0.13071217531334098,0.06,2906
no_option9,20,pc2_gbt,ou_seqcal,episode_segments,,0.0571364829577724,-0.038801227945851405,-0.028485250439073722,0.14957636338661576,0.16481041218325296,0.32,2906
no_option9,20,raw_logistic,ou_seqcal,mbb,5.0,0.03571107613093843,-0.005481456816142517,0.0006866722984805231,0.07390758350086192,0.08169180154447805,0.092,2906
no_option9,20,raw_logistic,ou_seqcal,mbb,10.0,0.03571107613093843,-0.010952498496628887,-0.0042938626430764825,0.08113720913330986,0.09108716522899016,0.156,2906
no_option9,20,raw_logistic,ou_seqcal,mbb,20.0,0.03571107613093843,-0.0186015204500087,-0.012355791578306645,0.08278478860330814,0.09511070683606974,0.292,2906
no_option9,20,raw_logistic,ou_seqcal,mbb,40.0,0.03571107613093843,-0.020467476758913163,-0.014376327256592221,0.08943439820186726,0.10482493614674135,0.292,2906
no_option9,20,raw_logistic,ou_seqcal,mbb,60.0,0.03571107613093843,-0.039375863910753546,-0.025959903819847113,0.08754952214762056,0.09809888183050844,0.344,2906
no_option9,20,raw_logistic,ou_seqcal,stationary,10.0,0.03571107613093843,-0.015400768092356576,-0.00967457467433184,0.0837498650068471,0.09304851090423132,0.192,2906
no_option9,20,raw_logistic,ou_seqcal,stationary,20.0,0.03571107613093843,-0.0255684942891763,-0.013631311822202787,0.08591212244261612,0.09953564012007772,0.24,2906
no_option9,20,raw_logistic,ou_seqcal,stationary,40.0,0.03571107613093843,-0.03441777945168831,-0.019961724182192837,0.0871525833789851,0.09533549683847801,0.276,2906
no_option9,20,raw_logistic,ou_seqcal,episode_segments,,0.03571107613093843,-0.0394769239879069,-0.029195290987403966,0.1093482200157326,0.11675469503627903,0.356,2906
