year,set,pc,feature,loading,explained
2008,full11,1,log_rv20,0.3969149009507861,0.3400186869062855
2008,full11,1,log_rv5,0.3891547198351623,0.3400186869062855
2008,full11,1,log_act_rel,-0.0304304996047696,0.3400186869062855
2008,full11,1,dd20,-0.4085606656015252,0.3400186869062855
2008,full11,1,ret20,-0.3024824225829022,0.3400186869062855
2008,full11,1,one_minus_n,-0.2398479760784262,0.3400186869062855
2008,full11,1,n_sd,-0.1970584441248361,0.3400186869062855
2008,full11,1,ews_var,-0.0946005832994095,0.3400186869062855
2008,full11,1,ews_ar1,-0.0350006619362145,0.3400186869062855
2008,full11,1,log_vix,0.4626444608150766,0.3400186869062855
2008,full11,1,vrp,0.3333172975250651,0.3400186869062855
2008,full11,2,log_rv20,0.1457960108872207,0.2077076139079166
2008,full11,2,log_rv5,0.1609205848222476,0.2077076139079166
2008,full11,2,log_act_rel,0.3474218917985312,0.2077076139079166
2008,full11,2,dd20,-0.1973494869644245,0.2077076139079166
2008,full11,2,ret20,-0.1897528938070411,0.2077076139079166
2008,full11,2,one_minus_n,0.4653712467801491,0.2077076139079166
2008,full11,2,n_sd,0.5521270074915741,0.2077076139079166
2008,full11,2,ews_var,0.4738391041608509,0.2077076139079166
2008,full11,2,ews_ar1,0.0499233869968384,0.2077076139079166
2008,full11,2,log_vix,0.0782189066611108,0.2077076139079166
2008,full11,2,vrp,-0.0514243977498726,0.2077076139079166
2008,no_option9,1,log_rv20,-0.4192053899890359,0.3054692643312691
2008,no_option9,1,log_rv5,-0.4275647720669232,0.3054692643312691
2008,no_option9,1,log_act_rel,-0.0454399163503872,0.3054692643312691
2008,no_option9,1,dd20,0.4680929455601726,0.3054692643312691
2008,no_option9,1,ret20,0.3798809230032001,0.3054692643312691
2008,no_option9,1,one_minus_n,0.3758092102421628,0.3054692643312691
2008,no_option9,1,n_sd,0.3265198822742247,0.3054692643312691
2008,no_option9,1,ews_var,0.1595834637544791,0.3054692643312691
2008,no_option9,1,ews_ar1,0.0515288406770329,0.3054692643312691
2008,no_option9,2,log_rv20,0.1750219079557813,0.25141772846868
2008,no_option9,2,log_rv5,0.1998852709880785,0.25141772846868
2008,no_option9,2,log_act_rel,0.3659100021971003,0.25141772846868
2008,no_option9,2,dd20,-0.2706013529955171,0.25141772846868
2008,no_option9,2,ret20,-0.2622487572650546,0.25141772846868
2008,no_option9,2,one_minus_n,0.4252717096473361,0.25141772846868
2008,no_option9,2,n_sd,0.5145003604737645,0.25141772846868
2008,no_option9,2,ews_var,0.4553591448138808,0.25141772846868
2008,no_option9,2,ews_ar1,0.0245963172031457,0.25141772846868
2008,common7,1,log_rv20,-0.4577685399836362,0.3684005993294013
2008,common7,1,log_rv5,-0.4788756638704623,0.3684005993294013
2008,common7,1,log_act_rel,-0.2049845627799143,0.3684005993294013
2008,common7,1,dd20,0.5464771436711517,0.3684005993294013
2008,common7,1,ret20,0.4632066876778848,0.3684005993294013
2008,common7,1,ews_var,-0.0645713667664376,0.3684005993294013
2008,common7,1,ews_ar1,0.041716014972883,0.3684005993294013
2008,common7,2,log_rv20,0.4675694493090134,0.1942058450989449
2008,common7,2,log_rv5,0.3997459394672811,0.1942058450989449
2008,common7,2,log_act_rel,-0.330858873391164,0.1942058450989449
2008,common7,2,dd20,0.2050012219580696,0.1942058450989449
2008,common7,2,ret20,0.4410439541000601,0.1942058450989449
2008,common7,2,ews_var,0.0088635690016485,0.1942058450989449
2008,common7,2,ews_ar1,0.5248719525204718,0.1942058450989449
2009,full11,1,log_rv20,0.4138841702653617,0.4411429083820813
2009,full11,1,log_rv5,0.3942992610849185,0.4411429083820813
2009,full11,1,log_act_rel,0.2240792450444401,0.4411429083820813
2009,full11,1,dd20,-0.3820407607995151,0.4411429083820813
2009,full11,1,ret20,-0.3293204893178261,0.4411429083820813
2009,full11,1,one_minus_n,-0.2760861304791773,0.4411429083820813
2009,full11,1,n_sd,-0.2355446642985455,0.4411429083820813
2009,full11,1,ews_var,-0.0048958069071784,0.4411429083820813
2009,full11,1,ews_ar1,0.0884376188946618,0.4411429083820813
2009,full11,1,log_vix,0.4083909119250753,0.4411429083820813
2009,full11,1,vrp,-0.2495519826181415,0.4411429083820813
2009,full11,2,log_rv20,0.0514743022206812,0.1804825395448361
2009,full11,2,log_rv5,0.0744976551768238,0.1804825395448361
2009,full11,2,log_act_rel,0.3197692740286638,0.1804825395448361
2009,full11,2,dd20,-0.1367611619076739,0.1804825395448361
2009,full11,2,ret20,-0.1577889558884203,0.1804825395448361
2009,full11,2,one_minus_n,0.476261158241931,0.1804825395448361
2009,full11,2,n_sd,0.5573128475335792,0.1804825395448361
2009,full11,2,ews_var,0.535560156145749,0.1804825395448361
2009,full11,2,ews_ar1,0.0954744278329884,0.1804825395448361
2009,full11,2,log_vix,0.0059752753692691,0.1804825395448361
2009,full11,2,vrp,-0.11202269837836,0.1804825395448361
2009,no_option9,1,log_rv20,0.4416600146570357,0.424400268616866
2009,no_option9,1,log_rv5,0.4331328383997317,0.424400268616866
2009,no_option9,1,log_act_rel,0.2615772237911637,0.424400268616866
2009,no_option9,1,dd20,-0.4404843526925362,0.424400268616866
2009,no_option9,1,ret20,-0.3916015659261499,0.424400268616866
2009,no_option9,1,one_minus_n,-0.3318868069506692,0.424400268616866
2009,no_option9,1,n_sd,-0.2881648792437477,0.424400268616866
2009,no_option9,1,ews_var,-0.0205593679157241,0.424400268616866
2009,no_option9,1,ews_ar1,0.0889996768381866,0.424400268616866
2009,no_option9,2,log_rv20,0.0681045108964483,0.2185694400173772
2009,no_option9,2,log_rv5,0.0990295276901733,0.2185694400173772
2009,no_option9,2,log_act_rel,0.3306852109357885,0.2185694400173772
2009,no_option9,2,dd20,-0.174883081015936,0.2185694400173772
2009,no_option9,2,ret20,-0.1966896055698108,0.2185694400173772
2009,no_option9,2,one_minus_n,0.4615068928959545,0.2185694400173772
2009,no_option9,2,n_sd,0.5454153528010136,0.2185694400173772
2009,no_option9,2,ews_var,0.5372851670949644,0.2185694400173772
2009,no_option9,2,ews_ar1,0.0882578976791242,0.2185694400173772
2009,common7,1,log_rv20,-0.4628344457550942,0.4850744332143509
2009,common7,1,log_rv5,-0.4638837744393111,0.4850744332143509
2009,common7,1,log_act_rel,-0.3372485700133942,0.4850744332143509
2009,common7,1,dd20,0.4897984247770151,0.4850744332143509
2009,common7,1,ret20,0.4455818045576816,0.4850744332143509
2009,common7,1,ews_var,-0.0884826862621165,0.4850744332143509
2009,common7,1,ews_ar1,-0.1028819441075452,0.4850744332143509
2009,common7,2,log_rv20,0.0486990377081511,0.1615188939186434
2009,common7,2,log_rv5,-0.0007273419915686,0.1615188939186434
2009,common7,2,log_act_rel,0.1167651917447295,0.1615188939186434
2009,common7,2,dd20,0.1677301007102559,0.1615188939186434
2009,common7,2,ret20,0.2420878964552741,0.1615188939186434
2009,common7,2,ews_var,0.6447757723397757,0.1615188939186434
2009,common7,2,ews_ar1,0.6939150033008208,0.1615188939186434
2010,full11,1,log_rv20,0.4296535710977431,0.4135667493655434
2010,full11,1,log_rv5,0.4130177555135181,0.4135667493655434
2010,full11,1,log_act_rel,0.1594682273630636,0.4135667493655434
2010,full11,1,dd20,-0.3720337176817877,0.4135667493655434
2010,full11,1,ret20,-0.272896285938811,0.4135667493655434
2010,full11,1,one_minus_n,-0.3231989920463815,0.4135667493655434
2010,full11,1,n_sd,-0.2862981742141449,0.4135667493655434
2010,full11,1,ews_var,-0.0247193925826426,0.4135667493655434
2010,full11,1,ews_ar1,0.1093904874972237,0.4135667493655434
2010,full11,1,log_vix,0.4256510870536542,0.4135667493655434
2010,full11,1,vrp,-0.1622410210496801,0.4135667493655434
2010,full11,2,log_rv20,0.0188805324656271,0.1893799570874802
2010,full11,2,log_rv5,0.0581612815981908,0.1893799570874802
2010,full11,2,log_act_rel,0.4338667153357104,0.1893799570874802
2010,full11,2,dd20,-0.2228755254566176,0.1893799570874802
2010,full11,2,ret20,-0.2937436569389882,0.1893799570874802
2010,full11,2,one_minus_n,0.4092485772274505,0.1893799570874802
2010,full11,2,n_sd,0.4874510790279686,0.1893799570874802
2010,full11,2,ews_var,0.4623768068131155,0.1893799570874802
2010,full11,2,ews_ar1,0.0514647059655264,0.1893799570874802
2010,full11,2,log_vix,-0.0522616538542038,0.1893799570874802
2010,full11,2,vrp,-0.2186240334236071,0.1893799570874802
2010,no_option9,1,log_rv20,0.4555563780736537,0.4065587453484013
2010,no_option9,1,log_rv5,0.4487457709366154,0.4065587453484013
2010,no_option9,1,log_act_rel,0.186366427530738,0.4065587453484013
2010,no_option9,1,dd20,-0.4268771205654343,0.4065587453484013
2010,no_option9,1,ret20,-0.3277266212939042,0.4065587453484013
2010,no_option9,1,one_minus_n,-0.3742024439840538,0.4065587453484013
2010,no_option9,1,n_sd,-0.3333993440054845,0.4065587453484013
2010,no_option9,1,ews_var,-0.0406097723256987,0.4065587453484013
2010,no_option9,1,ews_ar1,0.1179093486968781,0.4065587453484013
2010,no_option9,2,log_rv20,0.0191195970246031,0.2247973277263788
2010,no_option9,2,log_rv5,0.0705991038398881,0.2247973277263788
2010,no_option9,2,log_act_rel,0.413087357915021,0.2247973277263788
2010,no_option9,2,dd20,-0.2582665744089032,0.2247973277263788
2010,no_option9,2,ret20,-0.3268810784710564,0.2247973277263788
2010,no_option9,2,one_minus_n,0.4156873837321753,0.2247973277263788
2010,no_option9,2,n_sd,0.4946901048792577,0.2247973277263788
2010,no_option9,2,ews_var,0.4805864862352483,0.2247973277263788
2010,no_option9,2,ews_ar1,0.0444804198114721,0.2247973277263788
2010,common7,1,log_rv20,-0.4648984764391203,0.4493207102424343
2010,common7,1,log_rv5,-0.4761255468938221,0.4493207102424343
2010,common7,1,log_act_rel,-0.3059265024145941,0.4493207102424343
2010,common7,1,dd20,0.5060948059009889,0.4493207102424343
2010,common7,1,ret20,0.4258061576780872,0.4493207102424343
2010,common7,1,ews_var,-0.0932333440080173,0.4493207102424343
2010,common7,1,ews_ar1,-0.1320891835411368,0.4493207102424343
2010,common7,2,log_rv20,0.3665887360850356,0.157399578207394
2010,common7,2,log_rv5,0.2812605089970263,0.157399578207394
2010,common7,2,log_act_rel,-0.3331358326430577,0.157399578207394
2010,common7,2,dd20,0.1851056242105253,0.157399578207394
2010,common7,2,ret20,0.4245229742039167,0.157399578207394
2010,common7,2,ews_var,-0.16180937090875,0.157399578207394
2010,common7,2,ews_ar1,0.6594388685908144,0.157399578207394
2011,full11,1,log_rv20,0.4351581710538363,0.4013072335963802
2011,full11,1,log_rv5,0.4149720023349588,0.4013072335963802
2011,full11,1,log_act_rel,0.1439508279741891,0.4013072335963802
2011,full11,1,dd20,-0.37968882440022,0.4013072335963802
2011,full11,1,ret20,-0.2847779147609708,0.4013072335963802
2011,full11,1,one_minus_n,-0.3079087754978196,0.4013072335963802
2011,full11,1,n_sd,-0.2687177228650203,0.4013072335963802
2011,full11,1,ews_var,-0.0066089897333667,0.4013072335963802
2011,full11,1,ews_ar1,0.1244786217735448,0.4013072335963802
2011,full11,1,log_vix,0.4340589682116143,0.4013072335963802
2011,full11,1,vrp,-0.1465908453468866,0.4013072335963802
2011,full11,2,log_rv20,0.0160744975659951,0.1964957537243517
2011,full11,2,log_rv5,0.0696366867887918,0.1964957537243517
2011,full11,2,log_act_rel,0.4609033832018949,0.1964957537243517
2011,full11,2,dd20,-0.2244642702749245,0.1964957537243517
2011,full11,2,ret20,-0.3037311868844714,0.1964957537243517
2011,full11,2,one_minus_n,0.4364423041544701,0.1964957537243517
2011,full11,2,n_sd,0.5041677045028273,0.1964957537243517
2011,full11,2,ews_var,0.3809427454086732,0.1964957537243517
2011,full11,2,ews_ar1,-0.0134824695004907,0.1964957537243517
2011,full11,2,log_vix,-0.071244072389006,0.1964957537243517
2011,full11,2,vrp,-0.2116169699825877,0.1964957537243517
2011,no_option9,1,log_rv20,0.4631928137503511,0.3931456788887437
2011,no_option9,1,log_rv5,0.4548132536430022,0.3931456788887437
2011,no_option9,1,log_act_rel,0.1751714855711282,0.3931456788887437
2011,no_option9,1,dd20,-0.4396610794734896,0.3931456788887437
2011,no_option9,1,ret20,-0.3460194032087661,0.3931456788887437
2011,no_option9,1,one_minus_n,-0.349991521077776,0.3931456788887437
2011,no_option9,1,n_sd,-0.3052707584371106,0.3931456788887437
2011,no_option9,1,ews_var,-0.0129614547845753,0.3931456788887437
2011,no_option9,1,ews_ar1,0.1379444814029224,0.3931456788887437
2011,no_option9,2,log_rv20,0.0026209873198157,0.2330974164015868
2011,no_option9,2,log_rv5,0.0675572614567772,0.2330974164015868
2011,no_option9,2,log_act_rel,0.4378876272689408,0.2330974164015868
2011,no_option9,2,dd20,-0.2430805862657648,0.2330974164015868
2011,no_option9,2,ret20,-0.3223212562077284,0.2330974164015868
2011,no_option9,2,one_minus_n,0.4560553050381226,0.2330974164015868
2011,no_option9,2,n_sd,0.5214593552321004,0.2330974164015868
2011,no_option9,2,ews_var,0.4003837483430045,0.2330974164015868
2011,no_option9,2,ews_ar1,-0.0221576795351522,0.2330974164015868
2011,common7,1,log_rv20,-0.4617203932058137,0.4504821594165024
2011,common7,1,log_rv5,-0.4749008350003952,0.4504821594165024
2011,common7,1,log_act_rel,-0.2978931002064167,0.4504821594165024
2011,common7,1,dd20,0.5058977712243931,0.4504821594165024
2011,common7,1,ret20,0.4353275190502567,0.4504821594165024
2011,common7,1,ews_var,-0.0962293348892194,0.4504821594165024
2011,common7,1,ews_ar1,-0.13356828814402,0.4504821594165024
2011,common7,2,log_rv20,0.2955198621905293,0.1584450961180929
2011,common7,2,log_rv5,0.2146838142403818,0.1584450961180929
2011,common7,2,log_act_rel,-0.3468181841751215,0.1584450961180929
2011,common7,2,dd20,0.1708424053244478,0.1584450961180929
2011,common7,2,ret20,0.36686104295855,0.1584450961180929
2011,common7,2,ews_var,0.1046001387023923,0.1584450961180929
2011,common7,2,ews_ar1,0.756029547547797,0.1584450961180929
2012,full11,1,log_rv20,0.435802458127609,0.3934494484350357
2012,full11,1,log_rv5,0.4189206505179961,0.3934494484350357
2012,full11,1,log_act_rel,0.1415846530480878,0.3934494484350357
2012,full11,1,dd20,-0.3853747193361718,0.3934494484350357
2012,full11,1,ret20,-0.2913803751312661,0.3934494484350357
2012,full11,1,one_minus_n,-0.2941799233387357,0.3934494484350357
2012,full11,1,n_sd,-0.2591714020035737,0.3934494484350357
2012,full11,1,ews_var,0.0157112290174641,0.3934494484350357
2012,full11,1,ews_ar1,0.1220509871071726,0.3934494484350357
2012,full11,1,log_vix,0.4379647151274187,0.3934494484350357
2012,full11,1,vrp,-0.1430079507786064,0.3934494484350357
2012,full11,2,log_rv20,0.0263440902997447,0.1886879298253357
2012,full11,2,log_rv5,0.0697220955083563,0.1886879298253357
2012,full11,2,log_act_rel,0.4881819556943553,0.1886879298253357
2012,full11,2,dd20,-0.222344812448941,0.1886879298253357
2012,full11,2,ret20,-0.3000487147388286,0.1886879298253357
2012,full11,2,one_minus_n,0.4758457344409719,0.1886879298253357
2012,full11,2,n_sd,0.5291321697588722,0.1886879298253357
2012,full11,2,ews_var,0.2255413191292607,0.1886879298253357
2012,full11,2,ews_ar1,-0.0692780124111525,0.1886879298253357
2012,full11,2,log_vix,-0.0743499449392033,0.1886879298253357
2012,full11,2,vrp,-0.2214734512062145,0.1886879298253357
2012,no_option9,1,log_rv20,0.4628962368177912,0.3844554866114826
2012,no_option9,1,log_rv5,0.4591179015746546,0.3844554866114826
2012,no_option9,1,log_act_rel,0.169722774677212,0.3844554866114826
2012,no_option9,1,dd20,-0.4481559879918174,0.3844554866114826
2012,no_option9,1,ret20,-0.3558117528309709,0.3844554866114826
2012,no_option9,1,one_minus_n,-0.3348906853381834,0.3844554866114826
2012,no_option9,1,n_sd,-0.2943595081634078,0.3844554866114826
2012,no_option9,1,ews_var,0.0179094172117254,0.3844554866114826
2012,no_option9,1,ews_ar1,0.1398791432865033,0.3844554866114826
2012,no_option9,2,log_rv20,0.0096861852680654,0.2234013079703802
2012,no_option9,2,log_rv5,0.0663239976229784,0.2234013079703802
2012,no_option9,2,log_act_rel,0.467584067413605,0.2234013079703802
2012,no_option9,2,dd20,-0.2418111694897315,0.2234013079703802
2012,no_option9,2,ret20,-0.319539036882478,0.2234013079703802
2012,no_option9,2,one_minus_n,0.4998244923819575,0.2234013079703802
2012,no_option9,2,n_sd,0.549418736932043,0.2234013079703802
2012,no_option9,2,ews_var,0.2403955861865189,0.2234013079703802
2012,no_option9,2,ews_ar1,-0.0825778283717392,0.2234013079703802
2012,common7,1,log_rv20,-0.4661231452019536,0.4458437512604347
2012,common7,1,log_rv5,-0.4790020296651923,0.4458437512604347
2012,common7,1,log_act_rel,-0.2906010013538548,0.4458437512604347
2012,common7,1,dd20,0.5084229892385121,0.4458437512604347
2012,common7,1,ret20,0.4353864297085812,0.4458437512604347
2012,common7,1,ews_var,-0.0776155251143522,0.4458437512604347
2012,common7,1,ews_ar1,-0.1214820077065476,0.4458437512604347
2012,common7,2,log_rv20,0.0636900865551358,0.1633554356357927
2012,common7,2,log_rv5,0.0405223916163286,0.1633554356357927
2012,common7,2,log_act_rel,-0.1750838297137261,0.1633554356357927
2012,common7,2,dd20,0.1041005435659912,0.1633554356357927
2012,common7,2,ret20,0.1879828376313948,0.1633554356357927
2012,common7,2,ews_var,0.6297832116859979,0.1633554356357927
2012,common7,2,ews_ar1,0.7216964715784954,0.1633554356357927
2013,full11,1,log_rv20,0.4347604032510539,0.3907579143188526
2013,full11,1,log_rv5,0.4160865297131456,0.3907579143188526
2013,full11,1,log_act_rel,0.1564292039987607,0.3907579143188526
2013,full11,1,dd20,-0.3858908779106214,0.3907579143188526
2013,full11,1,ret20,-0.2923521174383197,0.3907579143188526
2013,full11,1,one_minus_n,-0.2975926115536871,0.3907579143188526
2013,full11,1,n_sd,-0.2589753140571726,0.3907579143188526
2013,full11,1,ews_var,-0.0045121214115475,0.3907579143188526
2013,full11,1,ews_ar1,0.1071920847821626,0.3907579143188526
2013,full11,1,log_vix,0.4374485419579902,0.3907579143188526
2013,full11,1,vrp,-0.1431868031075552,0.3907579143188526
2013,full11,2,log_rv20,0.0233645615721944,0.1841973548556544
2013,full11,2,log_rv5,0.0738900789433948,0.1841973548556544
2013,full11,2,log_act_rel,0.4624116153328782,0.1841973548556544
2013,full11,2,dd20,-0.2332073663331233,0.1841973548556544
2013,full11,2,ret20,-0.3159661235762978,0.1841973548556544
2013,full11,2,one_minus_n,0.4760109752217467,0.1841973548556544
2013,full11,2,n_sd,0.5361125340730607,0.1841973548556544
2013,full11,2,ews_var,0.2232962929625315,0.1841973548556544
2013,full11,2,ews_ar1,-0.0988324399884967,0.1841973548556544
2013,full11,2,log_vix,-0.07835016077955,0.1841973548556544
2013,full11,2,vrp,-0.2148921903671321,0.1841973548556544
2013,no_option9,1,log_rv20,0.4615951727131123,0.3821919822986873
2013,no_option9,1,log_rv5,0.456832725090712,0.3821919822986873
2013,no_option9,1,log_act_rel,0.1888601536796199,0.3821919822986873
2013,no_option9,1,dd20,-0.4484845425251101,0.3821919822986873
2013,no_option9,1,ret20,-0.3569215587734296,0.3821919822986873
2013,no_option9,1,one_minus_n,-0.3378966543653865,0.3821919822986873
2013,no_option9,1,n_sd,-0.2926711144073623,0.3821919822986873
2013,no_option9,1,ews_var,-0.0057625754549764,0.3821919822986873
2013,no_option9,1,ews_ar1,0.1190398195958018,0.3821919822986873
2013,no_option9,2,log_rv20,0.0032006358715194,0.2185146895949168
2013,no_option9,2,log_rv5,0.0679046393632917,0.2185146895949168
2013,no_option9,2,log_act_rel,0.4364038201398741,0.2185146895949168
2013,no_option9,2,dd20,-0.2509146312653527,0.2185146895949168
2013,no_option9,2,ret20,-0.3344504796817526,0.2185146895949168
2013,no_option9,2,one_minus_n,0.5007988125608026,0.2185146895949168
2013,no_option9,2,n_sd,0.5558355725197431,0.2185146895949168
2013,no_option9,2,ews_var,0.2396125694005422,0.2185146895949168
2013,no_option9,2,ews_ar1,-0.1137907217329681,0.2185146895949168
2013,common7,1,log_rv20,-0.4652527036703052,0.4423349374064382
2013,common7,1,log_rv5,-0.4784718472606758,0.4423349374064382
2013,common7,1,log_act_rel,-0.2995318996238852,0.4423349374064382
2013,common7,1,dd20,0.5104376110037188,0.4423349374064382
2013,common7,1,ret20,0.438836780342646,0.4423349374064382
2013,common7,1,ews_var,-0.0520027874806903,0.4423349374064382
2013,common7,1,ews_ar1,-0.095166642263396,0.4423349374064382
2013,common7,2,log_rv20,0.051401274586174,0.1627545990303466
2013,common7,2,log_rv5,0.040672999203723,0.1627545990303466
2013,common7,2,log_act_rel,-0.2183539339213054,0.1627545990303466
2013,common7,2,dd20,0.0517682979147943,0.1627545990303466
2013,common7,2,ret20,0.1222949815586329,0.1627545990303466
2013,common7,2,ews_var,0.6349361379123848,0.1627545990303466
2013,common7,2,ews_ar1,0.7261165589884756,0.1627545990303466
2014,full11,1,log_rv20,0.4304593982876082,0.3953972723935596
2014,full11,1,log_rv5,0.4107834427735675,0.3953972723935596
2014,full11,1,log_act_rel,0.1667702906380392,0.3953972723935596
2014,full11,1,dd20,-0.3834132346295449,0.3953972723935596
2014,full11,1,ret20,-0.2927888176351045,0.3953972723935596
2014,full11,1,one_minus_n,-0.3087214216303255,0.3953972723935596
2014,full11,1,n_sd,-0.2703685360684171,0.3953972723935596
2014,full11,1,ews_var,-0.0331173950939803,0.3953972723935596
2014,full11,1,ews_ar1,0.090224120708215,0.3953972723935596
2014,full11,1,log_vix,0.4358925032221927,0.3953972723935596
2014,full11,1,vrp,-0.1333073511037468,0.3953972723935596
2014,full11,2,log_rv20,0.0241146110172231,0.1766748116482801
2014,full11,2,log_rv5,0.0764842274674317,0.1766748116482801
2014,full11,2,log_act_rel,0.4551988113498915,0.1766748116482801
2014,full11,2,dd20,-0.241565845616101,0.1766748116482801
2014,full11,2,ret20,-0.3258722284303196,0.1766748116482801
2014,full11,2,one_minus_n,0.4629059966832861,0.1766748116482801
2014,full11,2,n_sd,0.5324132761261396,0.1766748116482801
2014,full11,2,ews_var,0.235533944866959,0.1766748116482801
2014,full11,2,ews_ar1,-0.0810607961744535,0.1766748116482801
2014,full11,2,log_vix,-0.0807095634486537,0.1766748116482801
2014,full11,2,vrp,-0.2356033525773013,0.1766748116482801
2014,no_option9,1,log_rv20,0.4575127633944121,0.3883134079520203
2014,no_option9,1,log_rv5,0.4509001071053869,0.3883134079520203
2014,no_option9,1,log_act_rel,0.2003404145364049,0.3883134079520203
2014,no_option9,1,dd20,-0.4424793833591984,0.3883134079520203
2014,no_option9,1,ret20,-0.3539864703639616,0.3883134079520203
2014,no_option9,1,one_minus_n,-0.3496931147485825,0.3883134079520203
2014,no_option9,1,n_sd,-0.304721576013524,0.3883134079520203
2014,no_option9,1,ews_var,-0.0391855553892179,0.3883134079520203
2014,no_option9,1,ews_ar1,0.0972853329457999,0.3883134079520203
2014,no_option9,2,log_rv20,0.0002601953577821,0.208746122461352
2014,no_option9,2,log_rv5,0.0709643259695251,0.208746122461352
2014,no_option9,2,log_act_rel,0.4258214535604657,0.208746122461352
2014,no_option9,2,dd20,-0.2652422564154083,0.208746122461352
2014,no_option9,2,ret20,-0.3514744880754166,0.208746122461352
2014,no_option9,2,one_minus_n,0.4889214307803787,0.208746122461352
2014,no_option9,2,n_sd,0.5538254005822706,0.208746122461352
2014,no_option9,2,ews_var,0.253754852412386,0.208746122461352
2014,no_option9,2,ews_ar1,-0.0979492273590179,0.208746122461352
2014,common7,1,log_rv20,-0.4652930140349939,0.4420344165855173
2014,common7,1,log_rv5,-0.477485001783947,0.4420344165855173
2014,common7,1,log_act_rel,-0.3066180129843844,0.4420344165855173
2014,common7,1,dd20,0.5103303819565109,0.4420344165855173
2014,common7,1,ret20,0.4408196403106805,0.4420344165855173
2014,common7,1,ews_var,-0.0161225644048057,0.4420344165855173
2014,common7,1,ews_ar1,-0.0804791100883923,0.4420344165855173
2014,common7,2,log_rv20,0.0327948667808183,0.1589803646594812
2014,common7,2,log_rv5,0.0339700651879992,0.1589803646594812
2014,common7,2,log_act_rel,-0.2156463731341407,0.1589803646594812
2014,common7,2,dd20,0.0095646615914075,0.1589803646594812
2014,common7,2,ret20,0.0660704838944624,0.1589803646594812
2014,common7,2,ews_var,0.6518835261367761,0.1589803646594812
2014,common7,2,ews_ar1,0.7223975705220218,0.1589803646594812
2015,full11,1,log_rv20,0.4324068741575803,0.3917611774855682
2015,full11,1,log_rv5,0.414206868291093,0.3917611774855682
2015,full11,1,log_act_rel,0.1790877490013669,0.3917611774855682
2015,full11,1,dd20,-0.3879898907086447,0.3917611774855682
2015,full11,1,ret20,-0.297236350590907,0.3917611774855682
2015,full11,1,one_minus_n,-0.2911016113135471,0.3917611774855682
2015,full11,1,n_sd,-0.2720331226734648,0.3917611774855682
2015,full11,1,ews_var,-0.0329797903437772,0.3917611774855682
2015,full11,1,ews_ar1,0.0538486043348001,0.3917611774855682
2015,full11,1,log_vix,0.4376152515155379,0.3917611774855682
2015,full11,1,vrp,-0.1275238218330998,0.3917611774855682
2015,full11,2,log_rv20,0.0110912483867591,0.1722030654973949
2015,full11,2,log_rv5,0.0612962672609922,0.1722030654973949
2015,full11,2,log_act_rel,0.4403548773695934,0.1722030654973949
2015,full11,2,dd20,-0.2332961262209406,0.1722030654973949
2015,full11,2,ret20,-0.3234450333252937,0.1722030654973949
2015,full11,2,one_minus_n,0.4645452630576167,0.1722030654973949
2015,full11,2,n_sd,0.5277306783534572,0.1722030654973949
2015,full11,2,ews_var,0.2857639320620341,0.1722030654973949
2015,full11,2,ews_ar1,0.0116693528996307,0.1722030654973949
2015,full11,2,log_vix,-0.0893772219177408,0.1722030654973949
2015,full11,2,vrp,-0.2430557650958935,0.1722030654973949
2015,no_option9,1,log_rv20,0.4602103074944256,0.3848104418272663
2015,no_option9,1,log_rv5,0.4559713632971044,0.3848104418272663
2015,no_option9,1,log_act_rel,0.2167878630884961,0.3848104418272663
2015,no_option9,1,dd20,-0.4476775079958068,0.3848104418272663
2015,no_option9,1,ret20,-0.3602487840127282,0.3848104418272663
2015,no_option9,1,one_minus_n,-0.3292083866197222,0.3848104418272663
2015,no_option9,1,n_sd,-0.3010918762234494,0.3848104418272663
2015,no_option9,1,ews_var,-0.039387049373617,0.3848104418272663
2015,no_option9,1,ews_ar1,0.0501941649151315,0.3848104418272663
2015,no_option9,2,log_rv20,-0.0189485073009689,0.2030112156589628
2015,no_option9,2,log_rv5,0.0516750698135323,0.2030112156589628
2015,no_option9,2,log_act_rel,0.4041981267878475,0.2030112156589628
2015,no_option9,2,dd20,-0.2544934949897373,0.2030112156589628
2015,no_option9,2,ret20,-0.347142768212335,0.2030112156589628
2015,no_option9,2,one_minus_n,0.4955061599953304,0.2030112156589628
2015,no_option9,2,n_sd,0.5518359736688352,0.2030112156589628
2015,no_option9,2,ews_var,0.3134627909089996,0.2030112156589628
2015,no_option9,2,ews_ar1,0.0033551907552206,0.2030112156589628
2015,common7,1,log_rv20,-0.4639537185650242,0.441363993760144
2015,common7,1,log_rv5,-0.4773255622683102,0.441363993760144
2015,common7,1,log_act_rel,-0.3129739585917045,0.441363993760144
2015,common7,1,dd20,0.5099912602227697,0.441363993760144
2015,common7,1,ret20,0.4422349790952815,0.441363993760144
2015,common7,1,ews_var,-0.0207703083248344,0.441363993760144
2015,common7,1,ews_ar1,-0.0534816597670984,0.441363993760144
2015,common7,2,log_rv20,-0.0205376819749655,0.1590112836818484
2015,common7,2,log_rv5,-0.0104280328572851,0.1590112836818484
2015,common7,2,log_act_rel,-0.1343659378596987,0.1590112836818484
2015,common7,2,dd20,-0.0165647998380398,0.1590112836818484
2015,common7,2,ret20,0.0091047084433156,0.1590112836818484
2015,common7,2,ews_var,0.6962655507574911,0.1590112836818484
2015,common7,2,ews_ar1,0.7044659317609062,0.1590112836818484
2016,full11,1,log_rv20,0.4351291192238836,0.3833926371194008
2016,full11,1,log_rv5,0.4172196448761545,0.3833926371194008
2016,full11,1,log_act_rel,0.1856966120738539,0.3833926371194008
2016,full11,1,dd20,-0.3962453705949216,0.3833926371194008
2016,full11,1,ret20,-0.3030761538601186,0.3833926371194008
2016,full11,1,one_minus_n,-0.2660514591053844,0.3833926371194008
2016,full11,1,n_sd,-0.2598637432601102,0.3833926371194008
2016,full11,1,ews_var,-0.0254728847856561,0.3833926371194008
2016,full11,1,ews_ar1,0.0487627165064715,0.3833926371194008
2016,full11,1,log_vix,0.4422684859788556,0.3833926371194008
2016,full11,1,vrp,-0.127675404902129,0.3833926371194008
2016,full11,2,log_rv20,0.019550810997184,0.176468647410255
2016,full11,2,log_rv5,0.0601812344269277,0.176468647410255
2016,full11,2,log_act_rel,0.4134704416837234,0.176468647410255
2016,full11,2,dd20,-0.2097928639652105,0.176468647410255
2016,full11,2,ret20,-0.3039217448304925,0.176468647410255
2016,full11,2,one_minus_n,0.4907996207240153,0.176468647410255
2016,full11,2,n_sd,0.5387604373920246,0.176468647410255
2016,full11,2,ews_var,0.3000350269080022,0.176468647410255
2016,full11,2,ews_ar1,0.0658262211968938,0.176468647410255
2016,full11,2,log_vix,-0.0915764536024735,0.176468647410255
2016,full11,2,vrp,-0.2340283608661519,0.176468647410255
2016,no_option9,1,log_rv20,0.4633226498373206,0.3748699369957713
2016,no_option9,1,log_rv5,0.4609001102816215,0.3748699369957713
2016,no_option9,1,log_act_rel,0.2277753812919235,0.3748699369957713
2016,no_option9,1,dd20,-0.4597104179688203,0.3748699369957713
2016,no_option9,1,ret20,-0.3702908816724404,0.3748699369957713
2016,no_option9,1,one_minus_n,-0.2987733419579762,0.3748699369957713
2016,no_option9,1,n_sd,-0.2837888948476716,0.3748699369957713
2016,no_option9,1,ews_var,-0.030213602418987,0.3748699369957713
2016,no_option9,1,ews_ar1,0.0431053622404344,0.3748699369957713
2016,no_option9,2,log_rv20,-0.0116891404149036,0.2082720396197588
2016,no_option9,2,log_rv5,0.0483420144108285,0.2082720396197588
2016,no_option9,2,log_act_rel,0.3750320270571826,0.2082720396197588
2016,no_option9,2,dd20,-0.2240212545866082,0.2082720396197588
2016,no_option9,2,ret20,-0.3204252181786357,0.2082720396197588
2016,no_option9,2,one_minus_n,0.5236325081109086,0.2082720396197588
2016,no_option9,2,n_sd,0.5647162146199572,0.2082720396197588
2016,no_option9,2,ews_var,0.3272371524009362,0.2082720396197588
2016,no_option9,2,ews_ar1,0.0619676435922207,0.2082720396197588
2016,common7,1,log_rv20,-0.4643719082142208,0.4405080934857747
2016,common7,1,log_rv5,-0.476653551970489,0.4405080934857747
2016,common7,1,log_act_rel,-0.3124401946623991,0.4405080934857747
2016,common7,1,dd20,0.5097940377536623,0.4405080934857747
2016,common7,1,ret20,0.4422541243101704,0.4405080934857747
2016,common7,1,ews_var,-0.031150049244261,0.4405080934857747
2016,common7,1,ews_ar1,-0.0556080034551037,0.4405080934857747
2016,common7,2,log_rv20,0.0012214653339415,0.1602260307859879
2016,common7,2,log_rv5,-0.0070973153913867,0.1602260307859879
2016,common7,2,log_act_rel,-0.0908647443219333,0.1602260307859879
2016,common7,2,dd20,0.0158658022224283,0.1602260307859879
2016,common7,2,ret20,0.0498250345778188,0.1602260307859879
2016,common7,2,ews_var,0.6894427113835904,0.1602260307859879
2016,common7,2,ews_ar1,0.7166772107058971,0.1602260307859879
2017,full11,1,log_rv20,0.4344788547771631,0.3816066570589651
2017,full11,1,log_rv5,0.4172130462607272,0.3816066570589651
2017,full11,1,log_act_rel,0.1955504202829306,0.3816066570589651
2017,full11,1,dd20,-0.3963915099144525,0.3816066570589651
2017,full11,1,ret20,-0.3027514317405914,0.3816066570589651
2017,full11,1,one_minus_n,-0.2677159559013076,0.3816066570589651
2017,full11,1,n_sd,-0.2479890987800691,0.3816066570589651
2017,full11,1,ews_var,-0.0644487591316519,0.3816066570589651
2017,full11,1,ews_ar1,0.0408323833997014,0.3816066570589651
2017,full11,1,log_vix,0.4425253873218715,0.3816066570589651
2017,full11,1,vrp,-0.1237606669556867,0.3816066570589651
2017,full11,2,log_rv20,0.0222833030503482,0.1706426473251799
2017,full11,2,log_rv5,0.0606424333174111,0.1706426473251799
2017,full11,2,log_act_rel,0.4154917936694023,0.1706426473251799
2017,full11,2,dd20,-0.2144215464264681,0.1706426473251799
2017,full11,2,ret20,-0.3137076452903489,0.1706426473251799
2017,full11,2,one_minus_n,0.5058668198623207,0.1706426473251799
2017,full11,2,n_sd,0.5535759924931197,0.1706426473251799
2017,full11,2,ews_var,0.2133408761472534,0.1706426473251799
2017,full11,2,ews_ar1,0.0585661742849827,0.1706426473251799
2017,full11,2,log_vix,-0.0950511168670292,0.1706426473251799
2017,full11,2,vrp,-0.2418197114973738,0.1706426473251799
2017,no_option9,1,log_rv20,0.4636301336294913,0.3734472236787095
2017,no_option9,1,log_rv5,0.4611034246010561,0.3734472236787095
2017,no_option9,1,log_act_rel,0.2388337803865483,0.3734472236787095
2017,no_option9,1,dd20,-0.4583842329467877,0.3734472236787095
2017,no_option9,1,ret20,-0.3682205576351204,0.3734472236787095
2017,no_option9,1,one_minus_n,-0.30005638884459,0.3734472236787095
2017,no_option9,1,n_sd,-0.2697164193117809,0.3734472236787095
2017,no_option9,1,ews_var,-0.0755608395077369,0.3734472236787095
2017,no_option9,1,ews_ar1,0.0345897163745872,0.3734472236787095
2017,no_option9,2,log_rv20,-0.0135644977026104,0.2011920813622944
2017,no_option9,2,log_rv5,0.0475417861989747,0.2011920813622944
2017,no_option9,2,log_act_rel,0.3730587858596569,0.2011920813622944
2017,no_option9,2,dd20,-0.2333217880265728,0.2011920813622944
2017,no_option9,2,ret20,-0.3368136240892697,0.2011920813622944
2017,no_option9,2,one_minus_n,0.5424625434918601,0.2011920813622944
2017,no_option9,2,n_sd,0.5816878007125573,0.2011920813622944
2017,no_option9,2,ews_var,0.2352884057825699,0.2011920813622944
2017,no_option9,2,ews_ar1,0.0501349043558074,0.2011920813622944
2017,common7,1,log_rv20,-0.4666507068193555,0.4399397954115861
2017,common7,1,log_rv5,-0.4781119690185922,0.4399397954115861
2017,common7,1,log_act_rel,-0.318748232356608,0.4399397954115861
2017,common7,1,dd20,0.5070672212483442,0.4399397954115861
2017,common7,1,ret20,0.4376117985503803,0.4399397954115861
2017,common7,1,ews_var,0.0380072647351915,0.4399397954115861
2017,common7,1,ews_ar1,-0.0444951908416074,0.4399397954115861
2017,common7,2,log_rv20,-0.0647085601561246,0.1621903934461075
2017,common7,2,log_rv5,-0.0463130440018688,0.1621903934461075
2017,common7,2,log_act_rel,-0.1690868752224904,0.1621903934461075
2017,common7,2,dd20,-0.0982859677210036,0.1621903934461075
2017,common7,2,ret20,-0.1301595822064696,0.1621903934461075
2017,common7,2,ews_var,0.7428021219696197,0.1621903934461075
2017,common7,2,ews_ar1,0.621868870527951,0.1621903934461075
2018,full11,1,log_rv20,0.4353365477753211,0.3831881838778332
2018,full11,1,log_rv5,0.41711827481433117,0.3831881838778332
2018,full11,1,log_act_rel,0.20882571288106427,0.3831881838778332
2018,full11,1,dd20,-0.39512021610073594,0.3831881838778332
2018,full11,1,ret20,-0.29691261626000415,0.3831881838778332
2018,full11,1,one_minus_n,-0.26813282580876596,0.3831881838778332
2018,full11,1,n_sd,-0.22378226565972034,0.3831881838778332
2018,full11,1,ews_var,-0.10574132562851304,0.3831881838778332
2018,full11,1,ews_ar1,0.07541911854591694,0.3831881838778332
2018,full11,1,log_vix,0.4431301959149674,0.3831881838778332
2018,full11,1,vrp,-0.11576620034058518,0.3831881838778332
2018,full11,2,log_rv20,0.02129591582971226,0.1675738180702627
2018,full11,2,log_rv5,0.05742550621490693,0.1675738180702627
2018,full11,2,log_act_rel,0.4144299037876308,0.1675738180702627
2018,full11,2,dd20,-0.20643181645274708,0.1675738180702627
2018,full11,2,ret20,-0.3076700460784891,0.1675738180702627
2018,full11,2,one_minus_n,0.5131964902718926,0.1675738180702627
2018,full11,2,n_sd,0.5694993069799481,0.1675738180702627
2018,full11,2,ews_var,0.1733262915766033,0.1675738180702627
2018,full11,2,ews_ar1,0.050940711500391124,0.1675738180702627
2018,full11,2,log_vix,-0.09274447051483087,0.1675738180702627
2018,full11,2,vrp,-0.24141893758489547,0.1675738180702627
2018,no_option9,1,log_rv20,0.46539420327398956,0.37534870437364376
2018,no_option9,1,log_rv5,0.46010780774432536,0.37534870437364376
2018,no_option9,1,log_act_rel,0.25329797724875874,0.37534870437364376
2018,no_option9,1,dd20,-0.45614904797953293,0.37534870437364376
2018,no_option9,1,ret20,-0.3607105568786115,0.37534870437364376
2018,no_option9,1,one_minus_n,-0.2998625252775511,0.37534870437364376
2018,no_option9,1,n_sd,-0.243623693291435,0.37534870437364376
2018,no_option9,1,ews_var,-0.12100558474761172,0.37534870437364376
2018,no_option9,1,ews_ar1,0.07384257700103343,0.37534870437364376
2018,no_option9,2,log_rv20,-0.011452299151207632,0.19777362180107785
2018,no_option9,2,log_rv5,0.045744431427175734,0.19777362180107785
2018,no_option9,2,log_act_rel,0.37311147962725777,0.19777362180107785
2018,no_option9,2,dd20,-0.2234812182671645,0.19777362180107785
2018,no_option9,2,ret20,-0.32883138036350523,0.19777362180107785
2018,no_option9,2,one_minus_n,0.5505652644629419,0.19777362180107785
2018,no_option9,2,n_sd,0.5997104353828361,0.19777362180107785
2018,no_option9,2,ews_var,0.1890225119211543,0.19777362180107785
2018,no_option9,2,ews_ar1,0.0445640799834047,0.19777362180107785
2018,common7,1,log_rv20,-0.4709575526268455,0.4447517732825953
2018,common7,1,log_rv5,-0.47731070692535893,0.4447517732825953
2018,common7,1,log_act_rel,-0.32619252159419493,0.4447517732825953
2018,common7,1,dd20,0.49902310597433913,0.4447517732825953
2018,common7,1,ret20,0.42208800991318607,0.4447517732825953
2018,common7,1,ews_var,0.09617462161582999,0.4447517732825953
2018,common7,1,ews_ar1,-0.0868332038017001,0.4447517732825953
2018,common7,2,log_rv20,-0.2665273361816362,0.15930747430640702
2018,common7,2,log_rv5,-0.1568631235559148,0.15930747430640702
2018,common7,2,log_act_rel,-0.13201510340732123,0.15930747430640702
2018,common7,2,dd20,-0.27505263900374416,0.15930747430640702
2018,common7,2,ret20,-0.45063899779005456,0.15930747430640702
2018,common7,2,ews_var,0.7716725135518411,0.15930747430640702
2018,common7,2,ews_ar1,-0.11278840048955163,0.15930747430640702
2019,full11,1,log_rv20,0.4356016079455234,0.38197020369489354
2019,full11,1,log_rv5,0.419033977716297,0.38197020369489354
2019,full11,1,log_act_rel,0.2193856451910588,0.38197020369489354
2019,full11,1,dd20,-0.4012543389352575,0.38197020369489354
2019,full11,1,ret20,-0.3081826913164516,0.38197020369489354
2019,full11,1,one_minus_n,-0.25802143914438586,0.38197020369489354
2019,full11,1,n_sd,-0.21334303991192044,0.38197020369489354
2019,full11,1,ews_var,-0.05551510936123636,0.38197020369489354
2019,full11,1,ews_ar1,0.07976034097145712,0.38197020369489354
2019,full11,1,log_vix,0.44196697357791664,0.38197020369489354
2019,full11,1,vrp,-0.11696720389630513,0.38197020369489354
2019,full11,2,log_rv20,0.018852524072005713,0.1684959435331347
2019,full11,2,log_rv5,0.052697465623740905,0.1684959435331347
2019,full11,2,log_act_rel,0.39822292052025343,0.1684959435331347
2019,full11,2,dd20,-0.19064166911607647,0.1684959435331347
2019,full11,2,ret20,-0.2900659714964701,0.1684959435331347
2019,full11,2,one_minus_n,0.5281939862027674,0.1684959435331347
2019,full11,2,n_sd,0.5755875885083893,0.1684959435331347
2019,full11,2,ews_var,0.212830009076507,0.1684959435331347
2019,full11,2,ews_ar1,0.04939094669652273,0.1684959435331347
2019,full11,2,log_vix,-0.09693699650888545,0.1684959435331347
2019,full11,2,vrp,-0.22445652680372996,0.1684959435331347
2019,no_option9,1,log_rv20,0.4653300412547937,0.3746090077652969
2019,no_option9,1,log_rv5,0.46212590303320034,0.3746090077652969
2019,no_option9,1,log_act_rel,0.2650537030073783,0.3746090077652969
2019,no_option9,1,dd20,-0.4636224991085331,0.3746090077652969
2019,no_option9,1,ret20,-0.37421976315218564,0.3746090077652969
2019,no_option9,1,one_minus_n,-0.2855970362157937,0.3746090077652969
2019,no_option9,1,n_sd,-0.2306548367172319,0.3746090077652969
2019,no_option9,1,ews_var,-0.05676346471671275,0.3746090077652969
2019,no_option9,1,ews_ar1,0.08172192140041032,0.3746090077652969
2019,no_option9,2,log_rv20,-0.01463323706695122,0.1994740237389356
2019,no_option9,2,log_rv5,0.03854783020884235,0.1994740237389356
2019,no_option9,2,log_act_rel,0.35604772734916906,0.1994740237389356
2019,no_option9,2,dd20,-0.19996205487305854,0.1994740237389356
2019,no_option9,2,ret20,-0.30185143282109067,0.1994740237389356
2019,no_option9,2,one_minus_n,0.5658780672107437,0.1994740237389356
2019,no_option9,2,n_sd,0.6062665195330144,0.1994740237389356
2019,no_option9,2,ews_var,0.22601578478737674,0.1994740237389356
2019,no_option9,2,ews_ar1,0.03963109250987244,0.1994740237389356
2019,common7,1,log_rv20,-0.46888450137723287,0.448104427388437
2019,common7,1,log_rv5,-0.4762278272929823,0.448104427388437
2019,common7,1,log_act_rel,-0.3315348141112296,0.448104427388437
2019,common7,1,dd20,0.500561391865851,0.448104427388437
2019,common7,1,ret20,0.42861167951576645,0.448104427388437
2019,common7,1,ews_var,0.02530260577726968,0.448104427388437
2019,common7,1,ews_ar1,-0.09235338222901218,0.448104427388437
2019,common7,2,log_rv20,-0.23553133620018368,0.15747956079200842
2019,common7,2,log_rv5,-0.14943342101260526,0.15747956079200842
2019,common7,2,log_act_rel,-0.17319053016588085,0.15747956079200842
2019,common7,2,dd20,-0.2076466022131264,0.15747956079200842
2019,common7,2,ret20,-0.3508392661325723,0.15747956079200842
2019,common7,2,ews_var,0.8494054513941165,0.15747956079200842
2019,common7,2,ews_ar1,0.06711750653850289,0.15747956079200842
2020,full11,1,log_rv20,0.4350042880442504,0.37990561327931954
2020,full11,1,log_rv5,0.4196274049318012,0.37990561327931954
2020,full11,1,log_act_rel,0.22278144506379396,0.37990561327931954
2020,full11,1,dd20,-0.4031378100643321,0.37990561327931954
2020,full11,1,ret20,-0.311590896464253,0.37990561327931954
2020,full11,1,one_minus_n,-0.2547722823222283,0.37990561327931954
2020,full11,1,n_sd,-0.20619002931011382,0.37990561327931954
2020,full11,1,ews_var,-0.05484132395004182,0.37990561327931954
2020,full11,1,ews_ar1,0.07105095835991501,0.37990561327931954
2020,full11,1,log_vix,0.4424146471240028,0.37990561327931954
2020,full11,1,vrp,-0.11930542306554626,0.37990561327931954
2020,full11,2,log_rv20,0.018060827591928386,0.16806713488535574
2020,full11,2,log_rv5,0.05436129534249373,0.16806713488535574
2020,full11,2,log_act_rel,0.39292373580026935,0.16806713488535574
2020,full11,2,dd20,-0.18699116919618136,0.16806713488535574
2020,full11,2,ret20,-0.28708014034658846,0.16806713488535574
2020,full11,2,one_minus_n,0.5351155281127129,0.16806713488535574
2020,full11,2,n_sd,0.583577961847197,0.16806713488535574
2020,full11,2,ews_var,0.20228637563920837,0.16806713488535574
2020,full11,2,ews_ar1,0.031084419649061716,0.16806713488535574
2020,full11,2,log_vix,-0.09775125886027333,0.16806713488535574
2020,full11,2,vrp,-0.21586036245072382,0.16806713488535574
2020,no_option9,1,log_rv20,-0.46469607260122164,0.37225115866141995
2020,no_option9,1,log_rv5,-0.4633678983353563,0.37225115866141995
2020,no_option9,1,log_act_rel,-0.2687577751080965,0.37225115866141995
2020,no_option9,1,dd20,0.46610361647906035,0.37225115866141995
2020,no_option9,1,ret20,0.3786641412363983,0.37225115866141995
2020,no_option9,1,one_minus_n,0.28123426922415545,0.37225115866141995
2020,no_option9,1,n_sd,0.22191217641682828,0.37225115866141995
2020,no_option9,1,ews_var,0.05502625840049055,0.37225115866141995
2020,no_option9,1,ews_ar1,-0.0715002008766892,0.37225115866141995
2020,no_option9,2,log_rv20,-0.01694603788521244,0.19934615749156717
2020,no_option9,2,log_rv5,0.03944879404999937,0.19934615749156717
2020,no_option9,2,log_act_rel,0.35002347322107963,0.19934615749156717
2020,no_option9,2,dd20,-0.1944269522379538,0.19934615749156717
2020,no_option9,2,ret20,-0.2968174904848006,0.19934615749156717
2020,no_option9,2,one_minus_n,0.5717408211898857,0.19934615749156717
2020,no_option9,2,n_sd,0.6140961509006013,0.19934615749156717
2020,no_option9,2,ews_var,0.2130851030954641,0.19934615749156717
2020,no_option9,2,ews_ar1,0.01818845515671028,0.19934615749156717
2020,common7,1,log_rv20,-0.4675105085812609,0.44712190771759863
2020,common7,1,log_rv5,-0.4769702010761102,0.44712190771759863
2020,common7,1,log_act_rel,-0.3322476194869725,0.44712190771759863
2020,common7,1,dd20,0.5010892227319814,0.44712190771759863
2020,common7,1,ret20,0.43089141161471783,0.44712190771759863
2020,common7,1,ews_var,0.025642947912228455,0.44712190771759863
2020,common7,1,ews_ar1,-0.07829107533845159,0.44712190771759863
2020,common7,2,log_rv20,-0.21250786983995823,0.15819881171850567
2020,common7,2,log_rv5,-0.13041006516407733,0.15819881171850567
2020,common7,2,log_act_rel,-0.2013493130936081,0.15819881171850567
2020,common7,2,dd20,-0.1955402774238229,0.15819881171850567
2020,common7,2,ret20,-0.3247058138066979,0.15819881171850567
2020,common7,2,ews_var,0.8534530951282762,0.15819881171850567
2020,common7,2,ews_ar1,0.1588710894965659,0.15819881171850567
