market,year,n_train,n_local_maxima,ari_learned_vs_hmm,ari_learned_vs_rule,frac_A,frac_B,irr_median,irr_q90,flux_over_drift_median,q_sd_transition,q_sd_wells,n_post,n_subnet,hess_wmin,hess_wmax,tica_t1,tica_t2,msm_t2,msm_t3,msm_t4,msm_gap
BTC,2018,1076,5,0.14055876440823642,0.030411491068292284,0.4972118959107807,0.05390334572490706,0.08351945482327479,0.37540911716945385,1.092083555401705,0.06257737554092135,0.030223383421712907,20,85,1.9372065887547307,1937206.5887547308,1036.1296583480978,164.3064636330945,460.23173376379253,129.03120038607506,66.65385883945365,0.02750099381977599
BTC,2019,1441,3,0.19472367867454088,0.01621346005528767,0.5079805690492714,0.05343511450381679,0.013504946538070169,0.03223147253094283,0.7605630884316391,0.19356720315259832,0.01856654007717852,20,85,8.560173951280035,8560173.951280035,1798.5458924723885,230.1592902856663,475.46242818274015,160.12530337083564,103.39453677591682,0.0204964994553955
BTC,2020,1806,3,0.11020848885676436,0.057177369734662246,0.48892580287929127,0.06755260243632337,0.012295266967107388,0.03846940915101113,0.8106569206457985,0.24261897557605347,0.02833823544978483,20,85,8.274768679024985,8274768.679024985,1770.2412418060449,238.49487649759908,424.86092936635833,134.8412857069384,78.16676315981691,0.024994409794338736
BTC,2021,2172,2,0.10944045367392678,0.0878743943084075,0.5032228360957642,0.06675874769797421,0.012903733015514982,0.037550929416310816,0.6835783296487323,0.15635609019258345,0.03203929794808759,20,85,9.375348594597572,9375348.594597572,1618.2593254369992,223.90072720333617,492.93971948659953,157.36476743455586,95.04332048410626,0.02139783213714
BTC,2022,2537,3,0.2238569825231366,0.10028632178527055,0.4931020890815924,0.08750492707922744,0.01525044395460888,0.0392801315649595,0.627078679328737,0.12406888306915642,0.0170462088654558,20,85,9.075066350027209,9075066.35002721,1484.5280871747,239.1118358858928,397.4838651507434,155.67419663846357,99.07252980897101,0.01934958016456706
BTC,2023,2902,3,0.19224932451889795,0.10898811286419528,0.505513439007581,0.08235699517574087,0.013191619195324505,0.035142854429963045,0.5433104584922916,0.17264117949575053,0.022108251039497588,20,85,9.897283053809618,9897283.053809619,2124.7714643723048,262.9184925569249,384.2554713889746,115.17859494186898,79.76511345416861,0.029941274330070558
BTC,2024,3267,2,0.23625177312853576,0.10227654839241164,0.4986225895316804,0.07866544230180594,0.012434585147278791,0.03728925320738473,0.6605050589619501,0.13882782924142797,0.0211017917136226,20,85,12.923706182729145,12923706.182729146,1908.2641502175507,253.75598876162977,346.2532376206395,112.17491707508435,78.80358875196427,0.029683474981772397
BTC,2025,3633,2,0.12633155168912533,0.10285975285358721,0.5103220478943022,0.07569501789154968,0.012387160134060755,0.04096097511378203,0.6055861033437503,0.14609363237573364,0.011350713897326248,20,85,15.098375038154552,15098375.038154554,1936.7128441209015,249.4029188615701,385.09391875320256,108.1433834447039,70.82113618091688,0.032704327936050756
BTC,2026,3998,2,0.0660458245712878,0.09335857676663524,0.49299649824912456,0.08404202101050526,0.011680952665960302,0.044024711362997786,0.5686245440497344,0.16926463923794569,0.016371205839550686,20,85,16.750204621055463,16750204.621055463,2262.1575463559484,237.32594435233995,384.2655654103913,103.93034585024562,77.00460902748368,0.034488541840376696
